Day,Format,Video idea,Hook tip,Hook # used,Posted,Views after 48h
1,List,3 mistakes beginners make in [niche],"Use a ""Stop doing"" hook",,,
2,Text-story,The moment I realized [lesson about niche],Tension in line one,,,
3,Tutorial,How to [basic task] in under 60 seconds,"""How to [task] in X seconds""",,,
4,Voiceover,Why [common belief in niche] is wrong,Bold claim first,,,
5,Hands-only,Watch me [simple task] start to finish,Show the result first,,,
6,List,5 tools I use every week for [niche],Number + payoff,,,
7,Review,Weekly review. Repost your best video with a new hook,Swap the first line only,,,
8,Tutorial,The [tool] setting most people never change,"""Turn this on/off right now""",,,
9,Voiceover,[Niche term] explained in 30 seconds,"""Explained in 30 seconds""",,,
10,List,3 things nobody tells you about [niche],"""Nobody tells you""",,,
11,Hands-only,Before and after: [result],Show the after first,,,
12,Text-story,I tried [niche thing] for 7 days. Here's what happened,"""I tried X""",,,
13,List,[Number] cheap or free alternatives to [expensive thing],Price in the hook,,,
14,Review,Weekly review. Make a part 2 of your top video,"""Part 2"" in the hook",,,
15,Tutorial,Beginner's first step in [niche],"""If you're starting at zero""",,,
16,Voiceover,The biggest myth in [niche],"""Stop believing""",,,
17,Hands-only,My [niche] setup / routine,"""What my X looks like""",,,
18,List,Rate these [niche items] out of 10,Ask viewers to disagree,,,
19,Text-story,A comment that changed how I think about [niche],Quote the comment,,,
20,Tutorial,Fix this common [niche] problem in 3 steps,"""You're doing X wrong""",,,
21,Review,Weekly review. Answer your best comment in a video,Show the comment on screen,,,
22,List,What I'd do if I started [niche] again,"""If I started over""",,,
23,Voiceover,[Number] numbers every [niche] beginner should know,Specific number,,,
24,Hands-only,"Satisfying [niche] process, sped up","No talking, strong first frame",,,
25,Tutorial,The fastest way to [task],"""In 10 seconds""",,,
26,Text-story,My biggest [niche] mistake (and what it cost),Cost in line one,,,
27,List,[Niche] products worth the money vs. not,"""Worth it or not""",,,
28,Review,Weekly review. Remake your weakest video with a new hook,Change the first 2 seconds,,,
29,Voiceover,Answer: the most common question in [niche],Ask the question as the hook,,,
30,List,What I learned posting 30 days in a row,"""30 days"" in the hook",,,
