#,Niche,Hook template
1,Money,Stop doing [habit] if you want to save $[amount] this year.
2,Money,3 money rules I wish I knew at [age].
3,Money,The subscription you forgot you're paying for.
4,Money,I tracked every dollar for 30 days. Here's where it went.
5,Money,One habit that quietly keeps people broke.
6,Money,How to [money goal] on a $[amount] paycheck.
7,Money,Don't open a [account type] until you watch this.
8,Money,[Number] side hustles you can start with $0 this weekend.
9,Money,"The 50/30/20 rule, explained in 30 seconds."
10,Money,"What I'd do with my first $1,000 if I started over."
11,Fitness,Do this before every workout if your [body part] hurts.
12,Fitness,3 exercises that are wasting your time at the gym.
13,Fitness,I did [exercise] every day for 30 days. Here's what changed.
14,Fitness,The easiest high-protein breakfast you can make in 5 minutes.
15,Fitness,You're doing [exercise] wrong. Here's the fix.
16,Fitness,No gym? Here's a 10-minute [goal] workout.
17,Fitness,What [amount] grams of protein actually looks like on a plate.
18,Fitness,Stop stretching like this before you run.
19,Fitness,Beginner mistake number one at the gym.
20,Fitness,"If you only have 20 minutes, do this."
21,Cooking,A $[amount] dinner that feeds [number].
22,Cooking,Stop throwing out [ingredient]. Do this instead.
23,Cooking,"3 ingredients, 10 minutes, almost no dishes."
24,Cooking,The restaurant trick for [dish] nobody tells you.
25,Cooking,What I meal prep for a week on $[amount].
26,Cooking,You've been cutting [food] wrong.
27,Cooking,The air fryer recipe I make every single week.
28,Cooking,Turn leftover [food] into [new dish].
29,Cooking,One-pan [dish] for nights you can't be bothered.
30,Cooking,Rate this $[amount] grocery haul.
31,Tech,Your phone can do this and you didn't know.
32,Tech,[Number] free apps that replace ones you pay for.
33,Tech,Turn this setting off right now.
34,Tech,The [app] shortcut that saves me an hour a week.
35,Tech,Stop paying for [software]. Use this free one.
36,Tech,How to [task] in 10 seconds.
37,Tech,I asked AI to [task]. Here's what happened.
38,Tech,3 browser extensions I use every single day.
39,Tech,Your [device] battery dies fast because of this.
40,Tech,Hidden [iPhone/Android] feature: [feature].
41,Motivation,Nobody's coming to save you. Here's what to do instead.
42,Motivation,Read this if you feel behind in life.
43,Motivation,The 2-minute rule that ended my procrastination.
44,Motivation,What I'd tell my 20-year-old self.
45,Motivation,Discipline isn't what you think it is.
46,Motivation,"If you're starting over at [age], watch this."
47,Motivation,One habit that changed my mornings.
48,Motivation,Stop waiting to feel ready.
49,Motivation,3 signs you're closer than you think.
50,Motivation,Do this when you don't feel like doing anything.
51,Local,[Number] spots in [city] locals keep to themselves.
52,Local,Best [food] in [city] under $[amount].
53,Local,Things to do in [city] this weekend.
54,Local,I tried every [food] spot on [street]. Here's the winner.
55,Local,Free things to do in [city].
56,Local,Moving to [city]? Watch this first.
57,Local,The most underrated [place] in [city].
58,Local,[City] date night ideas under $[amount].
59,Local,What $[amount] gets you at [local place].
60,Local,Rating [city]'s [food] spots out of 10.
